{"stats":{"minecraft:picked_up":{"minecraft:coarse_dirt":1,"minecraft:dirt":2},"minecraft:custom":{"minecraft:jump":14,"minecraft:time_since_rest":902,"minecraft:leave_game":1,"minecraft:crouch_one_cm":81,"minecraft:sprint_one_cm":1226,"minecraft:play_time":902,"minecraft:time_since_death":902,"minecraft:walk_one_cm":683,"minecraft:sneak_time":46,"minecraft:total_world_time":902,"minecraft:fall_one_cm":418,"minecraft:fly_one_cm":1588},"minecraft:used":{"minecraft:dirt":2,"minecraft:coarse_dirt":1},"minecraft:mined":{"minecraft:grass":1,"minecraft:grass_block":2,"minecraft:coarse_dirt":1}},"DataVersion":3465}