{"stats":{"minecraft:custom":{"minecraft:jump":17,"minecraft:time_since_rest":1505,"minecraft:crouch_one_cm":156,"minecraft:leave_game":2,"minecraft:play_time":1505,"minecraft:sprint_one_cm":1254,"minecraft:time_since_death":1505,"minecraft:walk_one_cm":1555,"minecraft:sneak_time":61,"minecraft:total_world_time":1505,"minecraft:fall_one_cm":418,"minecraft:fly_one_cm":1672},"minecraft:mined":{"minecraft:grass":1,"minecraft:grass_block":2,"minecraft:coarse_dirt":1,"minecraft:dirt":2},"minecraft:picked_up":{"minecraft:coarse_dirt":1,"minecraft:dirt":4},"minecraft:used":{"minecraft:dirt":4,"minecraft:coarse_dirt":1}},"DataVersion":3465}